,,,,,,,,,,,,,,,,,,,
,Nome do Exercício,info,,,,,editor,verification,,hints,,,,,,,,,
,,task_short_description,task_long_descriptiion,,,,initial code,referee,tests,oduvan,,,,,,,,,
,NOME_DO_EXERCICIO,RESUMO,ENUNCIADO,ENTRADA,SAIDA,EXEMPLO,CODIGO_INICIAL,FUNC,TESTES,DUVIDA 1,DICA 1,DUVIDA 2,DICA 2,DUVIDA 3,DICA 3,DUVIDA 4,DICA 4,DUVIDA 5,DICA 5
,copa,"Determinar em que fase da competição os jogadores Mestre Kung e Mestre Lu vão se enfrentar na chave decisiva de uma copa do mundo de ping-pong, dadas suas posições iniciais.

","Em uma copa do mundo de ping-pong, a chave decisiva possui 16 posições numeradas de 1 a 16. Os jogadores enfrentam-se de acordo com suas posições na chave, e todos querem evitar enfrentar o Mestre Kung até as fases finais. </p> <img  title=""example"" src=""{{MEDIA}}copa.png"" alt=""example"" style=""max-height: 300px""/>
<p>Dadas as posições de Mestre Kung e Mestre Lu na chave, seu programa deve determinar em que fase eles se enfrentarão, assumindo que ambos vençam suas partidas até o encontro entre eles.","Dois inteiros K e L, onde K representa a posição de Mestre Kung na chave e L representa a posição de Mestre Lu.","Uma string indicando a fase em que Mestre Kung e Mestre Lu vão se enfrentar: ""oitavas"", ""quartas"", ""semifinal"" ou ""final"".","copa(10, 14) >> ""semifinal""
copa(7, 8) >> ""oitavas""
copa(3, 13) >> ""final""
copa(5, 8) >> ""quartas""","def copa(K, L):
    # Seu código aqui
    return None

print(""Example:"")
print(copa(10, 14))

# As funções assert são utilizadas para verificar se o resultado da função chamada é o esperado

assert copa(10, 14) == ""semifinal""
assert copa(7, 8) == ""oitavas""
assert copa(3, 13) == ""final""
assert copa(5, 8) == ""quartas""


print(""Seu código passou pelos testes, clique em Check para avançar!"")",copa,"    {
        ""input"": [10, 14],
        ""answer"": ""semifinal""
    },
    {
        ""input"": [7, 8],
        ""answer"": ""oitavas""
    },
    {
        ""input"": [3, 13],
        ""answer"": ""final""
    },
    {
        ""input"": [5, 8],
        ""answer"": ""quartas""
    }",1,2,3,4,5,6,7,8,9,10